"pagination__pageSize","pagination__page","pagination__total","results___id","results__entidad-federativa","results__fecha","results__trimestre","results__poblacion-ocupada-total","results__poblacion-ocupada-de-15-a-19-anos-total","results__date-insert"
"100","1","231","5c4aab02e2705c193269bfad","Estados Unidos Mexicanos","2010","4","45911934","3514524","2019-01-25T06:21:54.865Z"
"","","","5c4aab02e2705c193269bfae","Aguascalientes","2010","4","457877","37906","2019-01-25T06:21:54.865Z"
"","","","5c4aab02e2705c193269bfaf","Baja California","2010","4","1335577","76625","2019-01-25T06:21:54.865Z"
"","","","5c4aab02e2705c193269bfb0","Baja California Sur","2010","4","290950","15473","2019-01-25T06:21:54.865Z"
"","","","5c4aab02e2705c193269bfb1","Campeche","2010","4","362667","27654","2019-01-25T06:21:54.865Z"
"","","","5c4aab02e2705c193269bfb2","Coahuila de Zaragoza","2010","4","1094772","68479","2019-01-25T06:21:54.865Z"
"","","","5c4aab02e2705c193269bfb3","Colima","2010","4","301765","27584","2019-01-25T06:21:54.865Z"
"","","","5c4aab02e2705c193269bfb4","Chiapas","2010","4","1769828","213294","2019-01-25T06:21:54.866Z"
"","","","5c4aab02e2705c193269bfb5","Chihuahua","2010","4","1272027","62917","2019-01-25T06:21:54.866Z"
"","","","5c4aab02e2705c193269bfb6","Ciudad de México","2010","4","3927011","137194","2019-01-25T06:21:54.866Z"
"","","","5c4aab02e2705c193269bfb7","Durango","2010","4","615987","51194","2019-01-25T06:21:54.866Z"
"","","","5c4aab02e2705c193269bfb8","Guanajuato","2010","4","2147983","208221","2019-01-25T06:21:54.866Z"
"","","","5c4aab02e2705c193269bfb9","Guerrero","2010","4","1392311","162486","2019-01-25T06:21:54.866Z"
"","","","5c4aab02e2705c193269bfba","Hidalgo","2010","4","1049211","83451","2019-01-25T06:21:54.866Z"
"","","","5c4aab02e2705c193269bfbb","Jalisco","2010","4","3201925","285468","2019-01-25T06:21:54.866Z"
"","","","5c4aab02e2705c193269bfbc","México","2010","4","6182947","406860","2019-01-25T06:21:54.866Z"
"","","","5c4aab02e2705c193269bfbd","Michoacán de Ocampo","2010","4","1668022","161523","2019-01-25T06:21:54.866Z"
"","","","5c4aab02e2705c193269bfbe","Morelos","2010","4","753821","57598","2019-01-25T06:21:54.866Z"
"","","","5c4aab02e2705c193269bfbf","Nayarit","2010","4","493594","47209","2019-01-25T06:21:54.866Z"
"","","","5c4aab02e2705c193269bfc0","Nuevo León","2010","4","2099483","142419","2019-01-25T06:21:54.866Z"
"","","","5c4aab02e2705c193269bfc1","Oaxaca","2010","4","1557327","154509","2019-01-25T06:21:54.866Z"
"","","","5c4aab02e2705c193269bfc2","Puebla","2010","4","2332830","240078","2019-01-25T06:21:54.866Z"
"","","","5c4aab02e2705c193269bfc3","Querétaro","2010","4","680420","58245","2019-01-25T06:21:54.866Z"
"","","","5c4aab02e2705c193269bfc4","Quintana Roo","2010","4","656070","52807","2019-01-25T06:21:54.866Z"
"","","","5c4aab02e2705c193269bfc5","San Luis Potosí","2010","4","1011912","82736","2019-01-25T06:21:54.866Z"
"","","","5c4aab02e2705c193269bfc6","Sinaloa","2010","4","1202777","100094","2019-01-25T06:21:54.866Z"
"","","","5c4aab02e2705c193269bfc7","Sonora","2010","4","1060777","65651","2019-01-25T06:21:54.866Z"
"","","","5c4aab02e2705c193269bfc8","Tabasco","2010","4","830532","64039","2019-01-25T06:21:54.866Z"
"","","","5c4aab02e2705c193269bfc9","Tamaulipas","2010","4","1333682","94710","2019-01-25T06:21:54.866Z"
"","","","5c4aab02e2705c193269bfca","Tlaxcala","2010","4","453213","37303","2019-01-25T06:21:54.866Z"
"","","","5c4aab02e2705c193269bfcb","Veracruz de Ignacio de la Llave","2010","4","2910235","164566","2019-01-25T06:21:54.866Z"
"","","","5c4aab02e2705c193269bfcc","Yucatán","2010","4","881746","65584","2019-01-25T06:21:54.866Z"
"","","","5c4aab02e2705c193269bfcd","Zacatecas","2010","4","582655","60647","2019-01-25T06:21:54.866Z"
"","","","5c4aab02e2705c193269bfce","Estados Unidos Mexicanos","2011","4","48307467","3812503","2019-01-25T06:21:54.866Z"
"","","","5c4aab02e2705c193269bfcf","Aguascalientes","2011","4","483404","42117","2019-01-25T06:21:54.866Z"
"","","","5c4aab02e2705c193269bfd0","Baja California","2011","4","1400448","96614","2019-01-25T06:21:54.866Z"
"","","","5c4aab02e2705c193269bfd1","Baja California Sur","2011","4","323554","22071","2019-01-25T06:21:54.866Z"
"","","","5c4aab02e2705c193269bfd2","Campeche","2011","4","373044","29636","2019-01-25T06:21:54.866Z"
"","","","5c4aab02e2705c193269bfd3","Coahuila de Zaragoza","2011","4","1201506","84775","2019-01-25T06:21:54.866Z"
"","","","5c4aab02e2705c193269bfd4","Colima","2011","4","317331","25654","2019-01-25T06:21:54.866Z"
"","","","5c4aab02e2705c193269bfd5","Chiapas","2011","4","1869182","210000","2019-01-25T06:21:54.866Z"
"","","","5c4aab02e2705c193269bfd6","Chihuahua","2011","4","1351028","75010","2019-01-25T06:21:54.866Z"
"","","","5c4aab02e2705c193269bfd7","Ciudad de México","2011","4","4128315","179697","2019-01-25T06:21:54.866Z"
"","","","5c4aab02e2705c193269bfd8","Durango","2011","4","669012","62583","2019-01-25T06:21:54.866Z"
"","","","5c4aab02e2705c193269bfd9","Guanajuato","2011","4","2274633","228070","2019-01-25T06:21:54.866Z"
"","","","5c4aab02e2705c193269bfda","Guerrero","2011","4","1443438","181455","2019-01-25T06:21:54.866Z"
"","","","5c4aab02e2705c193269bfdb","Hidalgo","2011","4","1071772","90799","2019-01-25T06:21:54.866Z"
"","","","5c4aab02e2705c193269bfdc","Jalisco","2011","4","3285628","301550","2019-01-25T06:21:54.866Z"
"","","","5c4aab02e2705c193269bfdd","México","2011","4","6554251","431571","2019-01-25T06:21:54.866Z"
"","","","5c4aab02e2705c193269bfde","Michoacán de Ocampo","2011","4","1800421","187132","2019-01-25T06:21:54.866Z"
"","","","5c4aab02e2705c193269bfdf","Morelos","2011","4","778923","60673","2019-01-25T06:21:54.866Z"
"","","","5c4aab02e2705c193269bfe0","Nayarit","2011","4","485186","40060","2019-01-25T06:21:54.866Z"
"","","","5c4aab02e2705c193269bfe1","Nuevo León","2011","4","2139933","149564","2019-01-25T06:21:54.866Z"
"","","","5c4aab02e2705c193269bfe2","Oaxaca","2011","4","1646511","143995","2019-01-25T06:21:54.866Z"
"","","","5c4aab02e2705c193269bfe3","Puebla","2011","4","2497677","264886","2019-01-25T06:21:54.866Z"
"","","","5c4aab02e2705c193269bfe4","Querétaro","2011","4","733311","57901","2019-01-25T06:21:54.866Z"
"","","","5c4aab02e2705c193269bfe5","Quintana Roo","2011","4","677928","49108","2019-01-25T06:21:54.866Z"
"","","","5c4aab02e2705c193269bfe6","San Luis Potosí","2011","4","1009302","73644","2019-01-25T06:21:54.866Z"
"","","","5c4aab02e2705c193269bfe7","Sinaloa","2011","4","1236213","95036","2019-01-25T06:21:54.866Z"
"","","","5c4aab02e2705c193269bfe8","Sonora","2011","4","1185999","85267","2019-01-25T06:21:54.866Z"
"","","","5c4aab02e2705c193269bfe9","Tabasco","2011","4","898156","71576","2019-01-25T06:21:54.866Z"
"","","","5c4aab02e2705c193269bfea","Tamaulipas","2011","4","1426022","90714","2019-01-25T06:21:54.866Z"
"","","","5c4aab02e2705c193269bfeb","Tlaxcala","2011","4","482049","41316","2019-01-25T06:21:54.866Z"
"","","","5c4aab02e2705c193269bfec","Veracruz de Ignacio de la Llave","2011","4","3041434","216576","2019-01-25T06:21:54.866Z"
"","","","5c4aab02e2705c193269bfed","Yucatán","2011","4","937654","67971","2019-01-25T06:21:54.866Z"
"","","","5c4aab02e2705c193269bfee","Zacatecas","2011","4","584202","55482","2019-01-25T06:21:54.866Z"
"","","","5c4aab02e2705c193269bfef","Estados Unidos Mexicanos","2012","4","48822271","3466751","2019-01-25T06:21:54.866Z"
"","","","5c4aab02e2705c193269bff0","Aguascalientes","2012","4","489699","38004","2019-01-25T06:21:54.866Z"
"","","","5c4aab02e2705c193269bff1","Baja California","2012","4","1423775","74110","2019-01-25T06:21:54.866Z"
"","","","5c4aab02e2705c193269bff2","Baja California Sur","2012","4","324608","18135","2019-01-25T06:21:54.866Z"
"","","","5c4aab02e2705c193269bff3","Campeche","2012","4","396293","26023","2019-01-25T06:21:54.866Z"
"","","","5c4aab02e2705c193269bff4","Coahuila de Zaragoza","2012","4","1210153","79304","2019-01-25T06:21:54.866Z"
"","","","5c4aab02e2705c193269bff5","Colima","2012","4","328035","26385","2019-01-25T06:21:54.866Z"
"","","","5c4aab02e2705c193269bff6","Chiapas","2012","4","1850033","194407","2019-01-25T06:21:54.866Z"
"","","","5c4aab02e2705c193269bff7","Chihuahua","2012","4","1429667","83142","2019-01-25T06:21:54.866Z"
"","","","5c4aab02e2705c193269bff8","Ciudad de México","2012","4","4199379","149990","2019-01-25T06:21:54.866Z"
"","","","5c4aab02e2705c193269bff9","Durango","2012","4","678673","55827","2019-01-25T06:21:54.866Z"
"","","","5c4aab02e2705c193269bffa","Guanajuato","2012","4","2335371","220296","2019-01-25T06:21:54.866Z"
"","","","5c4aab02e2705c193269bffb","Guerrero","2012","4","1352095","144990","2019-01-25T06:21:54.866Z"
"","","","5c4aab02e2705c193269bffc","Hidalgo","2012","4","1112796","86537","2019-01-25T06:21:54.866Z"
"","","","5c4aab02e2705c193269bffd","Jalisco","2012","4","3268992","253419","2019-01-25T06:21:54.866Z"
"","","","5c4aab02e2705c193269bffe","México","2012","4","6690524","396728","2019-01-25T06:21:54.866Z"
"","","","5c4aab02e2705c193269bfff","Michoacán de Ocampo","2012","4","1808024","167403","2019-01-25T06:21:54.866Z"
"","","","5c4aab02e2705c193269c000","Morelos","2012","4","770364","52327","2019-01-25T06:21:54.866Z"
"","","","5c4aab02e2705c193269c001","Nayarit","2012","4","507493","37045","2019-01-25T06:21:54.866Z"
"","","","5c4aab02e2705c193269c002","Nuevo León","2012","4","2183813","134183","2019-01-25T06:21:54.866Z"
"","","","5c4aab02e2705c193269c003","Oaxaca","2012","4","1629462","150583","2019-01-25T06:21:54.866Z"
"","","","5c4aab02e2705c193269c004","Puebla","2012","4","2494863","221444","2019-01-25T06:21:54.866Z"
"","","","5c4aab02e2705c193269c005","Querétaro","2012","4","710515","53575","2019-01-25T06:21:54.866Z"
"","","","5c4aab02e2705c193269c006","Quintana Roo","2012","4","682772","46855","2019-01-25T06:21:54.866Z"
"","","","5c4aab02e2705c193269c007","San Luis Potosí","2012","4","1071524","82442","2019-01-25T06:21:54.866Z"
"","","","5c4aab02e2705c193269c008","Sinaloa","2012","4","1261784","84219","2019-01-25T06:21:54.866Z"
"","","","5c4aab02e2705c193269c009","Sonora","2012","4","1176541","77152","2019-01-25T06:21:54.866Z"
"","","","5c4aab02e2705c193269c00a","Tabasco","2012","4","866680","63309","2019-01-25T06:21:54.866Z"
"","","","5c4aab02e2705c193269c00b","Tamaulipas","2012","4","1417377","81002","2019-01-25T06:21:54.866Z"
"","","","5c4aab02e2705c193269c00c","Tlaxcala","2012","4","498017","38163","2019-01-25T06:21:54.866Z"
"","","","5c4aab02e2705c193269c00d","Veracruz de Ignacio de la Llave","2012","4","3130309","214063","2019-01-25T06:21:54.866Z"
"","","","5c4aab02e2705c193269c00e","Yucatán","2012","4","941636","65643","2019-01-25T06:21:54.866Z"
"","","","5c4aab02e2705c193269c00f","Zacatecas","2012","4","581004","50046","2019-01-25T06:21:54.866Z"
"","","","5c4aab02e2705c193269c010","Estados Unidos Mexicanos","2013","4","49945599","3356631","2019-01-25T06:21:54.866Z"
